patient_id,name,ward,age,heart_rate,systolic_bp,spo2,temperature_c,cholesterol,blood_glucose,bmi,family_history,smoking_status,last_update
P-1001,Asha Singh,Emergency,39,91,139,90,37.1,191,129,24.2,no,never,2026-05-04 07:05
P-1002,Marco Okafor,Cardiology,48,99,151,94,37.3,206,145,26.7,no,never,2026-05-04 07:08
P-1003,Lina Patel,General,56,104,158,91,37.4,217,155,29.0,yes,never,2026-05-04 07:11
P-1004,Noah Nguyen,Oncology,69,123,182,93,37.8,242,187,32.4,yes,current,2026-05-04 07:14
P-1005,Sofia Kaur,ICU,86,93,146,92,38.4,274,233,36.4,no,current,2026-05-04 07:17
P-1006,Ethan Wilson,Emergency,92,98,154,89,38.6,286,244,21.7,yes,current,2026-05-04 07:20
P-1007,Amara Davis,Cardiology,36,106,166,93,38.8,185,260,24.2,no,current,2026-05-04 07:23
P-1008,Giulia Mancini,General,44,111,173,98,36.6,196,270,26.5,no,current,2026-05-04 07:26
P-1009,Daniel Thomas,Oncology,57,58,127,92,37.0,221,110,29.9,yes,former,2026-05-04 07:29
P-1010,Maya Rao,ICU,74,100,161,91,37.6,253,156,33.9,yes,former,2026-05-04 07:32
P-1011,Arjun Singh,Emergency,82,105,169,88,37.8,265,167,36.2,no,former,2026-05-04 07:35
P-1012,Elena Okafor,Cardiology,91,113,181,92,38.0,280,183,21.7,yes,former,2026-05-04 07:38
P-1013,Omar Patel,General,32,118,118,97,38.1,175,193,24.0,no,former,2026-05-04 07:41
P-1014,Priya Nguyen,Oncology,45,79,142,91,37.7,200,225,27.4,no,never,2026-05-04 07:44
P-1015,Lucas Kaur,ICU,62,107,176,90,39.1,232,271,31.4,yes,never,2026-05-04 07:47
P-1016,Nora Wilson,Emergency,70,112,184,95,37.0,244,282,33.7,yes,never,2026-05-04 07:50
P-1017,Mateo Davis,Cardiology,79,120,126,91,37.2,259,106,36.2,no,never,2026-05-04 07:53
P-1018,Iris Mancini,General,87,53,133,96,37.3,270,116,21.5,yes,never,2026-05-04 07:56
P-1019,Leo Thomas,Oncology,33,86,157,85,37.7,179,148,24.9,no,current,2026-05-04 07:59
P-1020,Sara Rao,ICU,50,114,191,89,38.3,211,194,28.9,no,current,2026-05-04 07:02
P-1021,Kiran Singh,Emergency,58,119,129,94,38.5,223,205,31.2,yes,current,2026-05-04 07:05
P-1022,Isabel Okafor,Cardiology,67,127,141,90,38.7,238,221,33.7,yes,current,2026-05-04 07:08
P-1023,Jonas Patel,General,75,74,148,95,36.5,249,231,36.0,no,current,2026-05-04 07:11
P-1024,Meera Nguyen,Oncology,88,93,172,97,36.9,274,263,22.4,yes,former,2026-05-04 07:14
P-1025,Adam Kaur,ICU,38,121,136,88,37.5,190,309,26.4,no,former,2026-05-04 08:17
P-1026,Clara Wilson,Emergency,46,126,144,93,37.7,202,128,28.7,no,former,2026-05-04 08:20
P-1027,Ravi Davis,Cardiology,55,62,156,89,37.9,217,144,31.2,yes,former,2026-05-04 08:23
P-1028,Mila Mancini,General,63,81,163,94,37.2,228,154,33.5,yes,former,2026-05-04 08:26
P-1029,Hugo Thomas,Oncology,76,100,117,96,38.4,253,186,36.9,no,never,2026-05-04 08:29
P-1030,Tara Rao,ICU,92,128,151,87,39.0,285,232,23.9,yes,never,2026-05-04 08:32
P-1031,Asha Singh,Emergency,34,133,159,92,36.9,181,243,26.2,no,never,2026-05-04 08:35
P-1032,Marco Okafor,Cardiology,43,83,171,96,37.1,196,259,28.7,no,never,2026-05-04 08:38
P-1033,Lina Patel,General,51,88,108,93,37.2,207,269,31.0,yes,never,2026-05-04 08:41
P-1034,Noah Nguyen,Oncology,64,107,132,95,37.6,232,109,34.4,yes,current,2026-05-04 08:44
P-1035,Sofia Kaur,ICU,81,135,166,86,38.2,264,155,38.4,no,current,2026-05-04 08:47
P-1036,Ethan Wilson,Emergency,89,68,174,91,38.4,276,166,23.7,yes,current,2026-05-04 08:50
P-1037,Amara Davis,Cardiology,31,90,186,95,38.6,175,182,26.2,no,current,2026-05-04 08:53
P-1038,Giulia Mancini,General,39,95,123,87,38.7,186,192,28.5,no,current,2026-05-04 08:56
P-1039,Daniel Thomas,Oncology,52,114,147,94,36.8,211,224,31.9,yes,former,2026-05-04 08:59
P-1040,Maya Rao,ICU,69,142,181,93,37.4,243,270,35.9,yes,former,2026-05-04 08:02
P-1041,Arjun Singh,Emergency,77,89,189,90,37.6,255,281,38.2,no,former,2026-05-04 08:05
P-1042,Elena Okafor,Cardiology,86,97,131,94,37.0,270,105,23.7,yes,former,2026-05-04 08:08
P-1043,Omar Patel,General,27,102,138,91,37.9,165,115,26.0,no,former,2026-05-04 08:11
P-1044,Priya Nguyen,Oncology,40,121,162,93,38.3,190,147,29.4,no,never,2026-05-04 08:14
P-1045,Lucas Kaur,ICU,57,77,196,92,38.9,222,193,33.4,yes,never,2026-05-04 08:17
P-1046,Nora Wilson,Emergency,65,96,134,89,36.8,234,204,35.7,yes,never,2026-05-04 08:20
P-1047,Mateo Davis,Cardiology,74,104,146,93,37.0,249,220,21.2,no,never,2026-05-04 08:23
P-1048,Iris Mancini,General,82,109,153,98,37.1,260,230,23.5,yes,never,2026-05-04 08:26
P-1049,Leo Thomas,Oncology,28,128,177,92,37.5,169,262,26.9,no,current,2026-05-04 09:29
P-1050,Sara Rao,ICU,45,98,141,91,38.1,201,308,30.9,no,current,2026-05-04 09:32
P-1051,Kiran Singh,Emergency,53,103,149,88,38.3,213,127,33.2,yes,current,2026-05-04 09:35
P-1052,Isabel Okafor,Cardiology,62,111,161,92,38.5,228,143,35.7,no,current,2026-05-04 09:38
P-1053,Jonas Patel,General,70,116,168,97,38.6,239,153,21.0,no,current,2026-05-04 09:41
P-1054,Meera Nguyen,Oncology,83,63,122,91,36.7,264,185,24.4,yes,former,2026-05-04 09:44
P-1055,Adam Kaur,ICU,33,105,156,90,37.3,180,231,28.4,no,former,2026-05-04 09:47
P-1056,Clara Wilson,Emergency,41,110,164,95,36.7,192,242,30.7,no,former,2026-05-04 09:50
P-1057,Ravi Davis,Cardiology,50,118,176,86,37.7,207,258,33.2,yes,former,2026-05-04 09:53
P-1058,Mila Mancini,General,58,65,113,96,37.8,218,268,35.5,no,former,2026-05-04 09:56
P-1059,Hugo Thomas,Oncology,71,84,137,90,38.2,243,108,21.9,no,never,2026-05-04 09:59
P-1060,Tara Rao,ICU,88,112,171,89,38.8,275,154,25.9,yes,never,2026-05-04 09:02
P-1061,Asha Singh,Emergency,29,117,179,94,39.0,287,165,28.2,no,never,2026-05-04 09:05
P-1062,Marco Okafor,Cardiology,38,125,121,90,36.9,186,181,30.7,no,never,2026-05-04 09:08
P-1063,Lina Patel,General,46,58,128,95,37.0,197,191,33.0,yes,never,2026-05-04 09:11
P-1064,Noah Nguyen,Oncology,59,91,152,97,37.4,222,223,36.4,no,current,2026-05-04 09:14
P-1065,Sofia Kaur,ICU,76,119,186,88,38.0,254,269,23.4,no,current,2026-05-04 09:17
P-1066,Ethan Wilson,Emergency,84,124,124,93,38.2,266,280,25.7,yes,current,2026-05-04 09:20
P-1067,Amara Davis,Cardiology,26,74,136,89,38.4,281,104,28.2,no,current,2026-05-04 09:23
P-1068,Giulia Mancini,General,34,79,143,94,38.5,176,114,30.5,no,current,2026-05-04 09:26
P-1069,Daniel Thomas,Oncology,47,98,167,96,36.6,201,146,33.9,yes,former,2026-05-04 09:29
P-1070,Maya Rao,ICU,64,126,131,87,36.4,233,192,37.9,yes,former,2026-05-04 09:32
P-1071,Arjun Singh,Emergency,72,131,139,92,37.4,245,203,23.2,no,former,2026-05-04 09:35
P-1072,Elena Okafor,Cardiology,81,67,151,96,37.6,260,219,25.7,yes,former,2026-05-04 09:38
P-1073,Omar Patel,General,89,86,158,93,37.7,271,229,28.0,no,former,2026-05-04 10:41
P-1074,Priya Nguyen,Oncology,35,105,182,95,38.1,180,261,31.4,no,never,2026-05-04 10:44
P-1075,Lucas Kaur,ICU,52,133,146,86,38.7,212,307,35.4,yes,never,2026-05-04 10:47
P-1076,Nora Wilson,Emergency,60,80,154,86,38.9,224,126,37.7,no,never,2026-05-04 10:50
P-1077,Mateo Davis,Cardiology,69,88,166,95,36.8,239,142,23.2,no,never,2026-05-04 10:53
P-1078,Iris Mancini,General,77,93,173,92,36.9,250,152,25.5,yes,never,2026-05-04 10:56
P-1079,Leo Thomas,Oncology,90,112,127,94,37.3,275,184,28.9,no,current,2026-05-04 10:59
P-1080,Sara Rao,ICU,40,140,161,93,37.9,191,230,32.9,no,current,2026-05-04 10:02
P-1081,Kiran Singh,Emergency,48,73,169,90,38.1,203,241,35.2,yes,current,2026-05-04 10:05
P-1082,Isabel Okafor,Cardiology,57,95,181,94,38.3,218,257,37.7,no,current,2026-05-04 10:08
P-1083,Jonas Patel,General,65,100,118,91,38.4,229,267,23.0,no,current,2026-05-04 10:11
P-1084,Meera Nguyen,Oncology,78,119,142,93,38.0,254,107,26.4,yes,former,2026-05-04 10:14
P-1085,Adam Kaur,ICU,92,89,176,92,37.1,286,153,30.4,no,former,2026-05-04 10:17
P-1086,Clara Wilson,Emergency,36,94,184,89,37.3,182,164,32.7,no,former,2026-05-04 10:20
P-1087,Ravi Davis,Cardiology,45,102,126,93,37.5,197,180,35.2,yes,former,2026-05-04 10:23
P-1088,Mila Mancini,General,53,107,133,98,37.6,208,190,20.5,no,former,2026-05-04 10:26
P-1089,Hugo Thomas,Oncology,66,126,157,92,38.0,233,222,23.9,no,never,2026-05-04 10:29
P-1090,Tara Rao,ICU,83,82,191,91,38.6,265,268,27.9,yes,never,2026-05-04 10:32
P-1091,Asha Singh,Emergency,91,101,129,88,38.8,277,279,30.2,no,never,2026-05-04 10:35
P-1092,Marco Okafor,Cardiology,33,109,141,92,36.7,176,103,32.7,no,never,2026-05-04 10:38
P-1093,Lina Patel,General,41,114,148,97,36.8,187,113,35.0,yes,never,2026-05-04 10:41
P-1094,Noah Nguyen,Oncology,54,75,172,91,37.2,212,145,21.4,no,current,2026-05-04 10:44
P-1095,Sofia Kaur,ICU,71,103,136,85,37.8,244,191,25.4,no,current,2026-05-04 10:47
P-1096,Ethan Wilson,Emergency,79,108,144,95,38.0,256,202,27.7,yes,current,2026-05-04 10:50
P-1097,Amara Davis,Cardiology,88,116,156,91,38.2,271,218,30.2,no,current,2026-05-04 11:53
P-1098,Giulia Mancini,General,29,121,163,96,37.5,166,228,32.5,no,current,2026-05-04 11:56
P-1099,Daniel Thomas,Oncology,42,68,117,90,38.7,191,260,35.9,yes,former,2026-05-04 11:59
P-1100,Maya Rao,ICU,59,110,151,89,37.0,223,306,22.9,no,former,2026-05-04 11:02
P-1101,Arjun Singh,Emergency,67,115,159,94,37.2,235,125,25.2,no,former,2026-05-04 11:05
P-1102,Elena Okafor,Cardiology,76,123,171,90,37.4,250,141,27.7,yes,former,2026-05-04 11:08
P-1103,Omar Patel,General,84,70,108,95,37.5,261,151,30.0,no,former,2026-05-04 11:11
P-1104,Priya Nguyen,Oncology,30,89,132,97,37.9,170,183,33.4,no,never,2026-05-04 11:14
P-1105,Lucas Kaur,ICU,47,117,166,88,38.5,202,229,37.4,yes,never,2026-05-04 11:17
P-1106,Nora Wilson,Emergency,55,122,174,93,38.7,214,240,22.7,no,never,2026-05-04 11:20
P-1107,Mateo Davis,Cardiology,64,130,186,89,38.9,229,256,25.2,no,never,2026-05-04 11:23
P-1108,Iris Mancini,General,72,63,123,94,36.7,240,266,27.5,yes,never,2026-05-04 11:26
P-1109,Leo Thomas,Oncology,85,96,147,96,37.1,265,106,30.9,no,current,2026-05-04 11:29
P-1110,Sara Rao,ICU,35,124,181,87,37.7,181,152,34.9,no,current,2026-05-04 11:32
P-1111,Kiran Singh,Emergency,43,129,189,92,37.9,193,163,37.2,yes,current,2026-05-04 11:35
P-1112,Isabel Okafor,Cardiology,52,79,131,96,37.3,208,179,22.7,no,current,2026-05-04 11:38
P-1113,Jonas Patel,General,60,84,138,93,38.2,219,189,25.0,no,current,2026-05-04 11:41
P-1114,Meera Nguyen,Oncology,73,103,162,90,38.6,244,221,28.4,yes,former,2026-05-04 11:44
P-1115,Adam Kaur,ICU,90,131,196,86,36.9,276,267,32.4,no,former,2026-05-04 11:47
P-1116,Clara Wilson,Emergency,31,78,134,91,37.1,172,278,34.7,no,former,2026-05-04 11:50
P-1117,Ravi Davis,Cardiology,40,72,146,95,37.3,187,102,37.2,yes,former,2026-05-04 11:53
P-1118,Mila Mancini,General,48,91,153,92,37.4,198,112,22.5,no,former,2026-05-04 11:56
P-1119,Hugo Thomas,Oncology,61,110,177,94,37.8,223,144,25.9,no,never,2026-05-04 11:59
P-1120,Tara Rao,ICU,78,138,141,93,38.4,255,190,29.9,yes,never,2026-05-04 11:02
P-1121,Asha Singh,Emergency,86,85,149,90,38.6,267,201,32.2,no,never,2026-05-04 12:05
P-1122,Marco Okafor,Cardiology,28,93,161,94,38.8,282,217,34.7,no,never,2026-05-04 12:08
P-1123,Lina Patel,General,36,98,168,91,36.6,177,227,37.0,yes,never,2026-05-04 12:11
P-1124,Noah Nguyen,Oncology,49,117,122,93,37.0,202,259,23.4,no,current,2026-05-04 12:14
P-1125,Sofia Kaur,ICU,66,87,156,92,37.6,234,305,27.4,no,current,2026-05-04 12:17
P-1126,Ethan Wilson,Emergency,74,78,164,89,37.0,246,124,29.7,yes,current,2026-05-04 12:20
P-1127,Amara Davis,Cardiology,83,100,176,93,38.0,261,140,32.2,no,current,2026-05-04 12:23
P-1128,Giulia Mancini,General,24,105,113,98,38.1,272,150,34.5,no,current,2026-05-04 12:26
P-1129,Daniel Thomas,Oncology,37,124,137,92,38.5,181,182,20.9,yes,former,2026-05-04 12:29
P-1130,Maya Rao,ICU,54,94,171,91,39.1,213,228,24.9,no,former,2026-05-04 12:32
P-1131,Arjun Singh,Emergency,62,99,179,88,37.0,225,239,27.2,no,former,2026-05-04 12:35
P-1132,Elena Okafor,Cardiology,71,107,121,92,37.2,240,255,29.7,yes,former,2026-05-04 12:38
P-1133,Omar Patel,General,79,112,128,92,37.3,251,265,32.0,no,former,2026-05-04 12:41
P-1134,Priya Nguyen,Oncology,25,73,152,91,37.7,276,105,35.4,no,never,2026-05-04 12:44
P-1135,Lucas Kaur,ICU,42,87,186,90,38.3,192,151,22.4,yes,never,2026-05-04 12:47
P-1136,Nora Wilson,Emergency,50,106,124,95,38.5,204,162,24.7,no,never,2026-05-04 12:50
P-1137,Mateo Davis,Cardiology,59,114,136,91,38.7,219,178,27.2,no,never,2026-05-04 12:53
P-1138,Iris Mancini,General,67,119,143,96,36.5,230,188,29.5,yes,never,2026-05-04 12:56
P-1139,Leo Thomas,Oncology,80,80,167,90,36.9,255,220,32.9,no,current,2026-05-04 12:59
P-1140,Sara Rao,ICU,92,108,131,89,36.7,287,266,36.9,yes,current,2026-05-04 12:02
P-1141,Kiran Singh,Emergency,38,113,139,94,37.7,183,277,22.2,yes,current,2026-05-04 12:05
P-1142,Isabel Okafor,Cardiology,47,121,151,90,37.9,198,101,24.7,no,current,2026-05-04 12:08
P-1143,Jonas Patel,General,55,68,158,95,38.0,209,111,27.0,no,current,2026-05-04 12:11
P-1144,Meera Nguyen,Oncology,68,73,182,97,38.4,234,143,30.4,yes,former,2026-05-04 12:14
P-1145,Adam Kaur,ICU,85,115,146,88,39.0,266,189,34.4,no,former,2026-05-04 13:17
P-1146,Clara Wilson,Emergency,92,120,154,93,36.9,278,200,36.7,yes,former,2026-05-04 13:20
P-1147,Ravi Davis,Cardiology,35,128,166,89,37.1,177,216,22.2,yes,former,2026-05-04 13:23
P-1148,Mila Mancini,General,43,75,173,94,37.2,188,226,24.5,no,former,2026-05-04 13:26
P-1149,Hugo Thomas,Oncology,56,94,127,96,37.6,213,258,27.9,no,never,2026-05-04 13:29
P-1150,Tara Rao,ICU,73,122,161,87,38.2,245,304,31.9,yes,never,2026-05-04 13:32
P-1151,Asha Singh,Emergency,81,127,169,92,38.4,257,123,34.2,no,never,2026-05-04 13:35
P-1152,Marco Okafor,Cardiology,90,77,181,91,38.6,272,139,36.7,yes,never,2026-05-04 13:38
P-1153,Lina Patel,General,31,68,118,93,38.7,167,149,22.0,yes,never,2026-05-04 13:41
P-1154,Noah Nguyen,Oncology,44,101,142,95,36.0,192,181,25.4,no,current,2026-05-04 13:44
P-1155,Sofia Kaur,ICU,61,129,176,86,37.4,224,227,29.4,no,current,2026-05-04 13:47
P-1156,Ethan Wilson,Emergency,69,134,184,91,37.6,236,238,31.7,yes,current,2026-05-04 13:50
P-1157,Amara Davis,Cardiology,78,84,126,95,37.8,251,254,34.2,no,current,2026-05-04 13:53
P-1158,Giulia Mancini,General,86,89,133,92,37.9,262,264,36.5,yes,current,2026-05-04 13:56
P-1159,Daniel Thomas,Oncology,32,108,157,94,38.3,171,104,22.9,yes,former,2026-05-04 13:59
P-1160,Maya Rao,ICU,49,136,191,93,38.9,203,150,26.9,no,former,2026-05-04 13:02
P-1161,Arjun Singh,Emergency,57,83,129,90,36.8,215,161,29.2,no,former,2026-05-04 13:05
P-1162,Elena Okafor,Cardiology,66,77,141,94,37.0,230,177,31.7,yes,former,2026-05-04 13:08
P-1163,Omar Patel,General,74,96,148,91,37.1,241,187,34.0,no,former,2026-05-04 13:11
P-1164,Priya Nguyen,Oncology,87,115,172,93,37.5,266,219,37.4,yes,never,2026-05-04 13:14
P-1165,Lucas Kaur,ICU,37,142,136,92,38.1,182,265,24.4,yes,never,2026-05-04 13:17
P-1166,Nora Wilson,Emergency,45,90,144,89,38.3,194,276,26.7,no,never,2026-05-04 13:20
P-1167,Mateo Davis,Cardiology,54,98,156,93,38.5,209,100,29.2,no,never,2026-05-04 13:23
P-1168,Iris Mancini,General,62,103,163,98,37.8,220,110,31.5,yes,never,2026-05-04 13:26
P-1169,Leo Thomas,Oncology,75,122,117,92,36.7,245,142,34.9,no,current,2026-05-04 14:29
P-1170,Sara Rao,ICU,92,92,151,91,37.3,277,188,21.9,yes,current,2026-05-04 14:32
P-1171,Kiran Singh,Emergency,33,83,159,84,37.5,173,199,24.2,yes,current,2026-05-04 14:35
P-1172,Isabel Okafor,Cardiology,42,105,171,92,37.7,188,215,26.7,no,current,2026-05-04 14:38
P-1173,Jonas Patel,General,50,110,108,97,37.8,199,225,29.0,no,current,2026-05-04 14:41
P-1174,Meera Nguyen,Oncology,63,71,132,91,38.2,224,257,32.4,yes,former,2026-05-04 14:44
P-1175,Adam Kaur,ICU,80,99,166,90,38.8,256,303,36.4,no,former,2026-05-04 14:47
P-1176,Clara Wilson,Emergency,88,104,174,95,39.0,268,122,21.7,yes,former,2026-05-04 14:50
P-1177,Ravi Davis,Cardiology,30,112,186,91,36.9,283,138,24.2,yes,former,2026-05-04 14:53
P-1178,Mila Mancini,General,38,117,123,96,37.0,178,148,26.5,no,former,2026-05-04 14:56
P-1179,Hugo Thomas,Oncology,51,78,147,90,37.4,203,180,29.9,no,never,2026-05-04 14:59
P-1180,Tara Rao,ICU,68,92,181,89,38.0,235,226,33.9,yes,never,2026-05-04 14:02
P-1181,Asha Singh,Emergency,76,111,189,94,38.2,247,237,36.2,no,never,2026-05-04 14:05
P-1182,Marco Okafor,Cardiology,85,119,131,90,37.6,262,253,21.7,yes,never,2026-05-04 14:08
P-1183,Lina Patel,General,26,66,138,95,38.5,273,263,24.0,yes,never,2026-05-04 14:11
P-1184,Noah Nguyen,Oncology,39,85,162,97,36.6,182,103,27.4,no,current,2026-05-04 14:14
P-1185,Sofia Kaur,ICU,56,113,196,88,37.2,214,149,31.4,no,current,2026-05-04 14:17
P-1186,Ethan Wilson,Emergency,64,118,134,93,37.4,226,160,33.7,yes,current,2026-05-04 14:20
P-1187,Amara Davis,Cardiology,73,126,146,89,37.6,241,176,36.2,no,current,2026-05-04 14:23
P-1188,Giulia Mancini,General,81,73,153,94,37.7,252,186,21.5,yes,current,2026-05-04 14:26
P-1189,Daniel Thomas,Oncology,27,78,177,96,38.1,277,218,24.9,yes,former,2026-05-04 14:29
P-1190,Maya Rao,ICU,44,120,141,84,38.7,193,264,28.9,no,former,2026-05-04 14:32
P-1191,Arjun Singh,Emergency,52,125,149,92,38.9,205,275,31.2,no,former,2026-05-04 14:35
P-1192,Elena Okafor,Cardiology,61,75,161,96,36.8,220,99,33.7,yes,former,2026-05-04 14:38
P-1193,Omar Patel,General,69,80,168,93,36.9,231,109,36.0,no,former,2026-05-04 15:41
P-1194,Priya Nguyen,Oncology,82,99,122,95,37.3,256,141,22.4,yes,never,2026-05-04 15:44
P-1195,Lucas Kaur,ICU,32,127,156,86,37.9,288,187,26.4,yes,never,2026-05-04 15:47
P-1196,Nora Wilson,Emergency,40,132,164,91,37.3,184,198,28.7,no,never,2026-05-04 15:50
P-1197,Mateo Davis,Cardiology,49,82,176,95,38.3,199,214,31.2,no,never,2026-05-04 15:53
P-1198,Iris Mancini,General,57,73,113,92,38.4,210,224,33.5,yes,never,2026-05-04 15:56
P-1199,Leo Thomas,Oncology,70,106,137,94,38.8,235,256,36.9,no,current,2026-05-04 15:59
P-1200,Sara Rao,ICU,87,134,171,93,37.1,267,302,23.9,yes,current,2026-05-04 15:02
